item-1, I left my WALLET in the BATHROOM!! 
item-2, Why be difficult when; with a bit of effort; you could be impossible? 
item-3, You should avoid hedging; at least that's what I think. 
item-4, You do not have mail. 
item-5, Honesty's the best policy. 		-- Miguel de Cervantes 
item-6, I joined scientology at a garage sale!! 
item-7, This MUST be a good party -- My RIB CAGE is being painfully pressed up against someone's MARTINI!! 
item-8, The reward of a thing well done is to have done it. 		-- Emerson 
item-9, I HAVE to buy a new "DODGE MISER" and two dozen JORDACHE JEANS because my viewscreen is "USER-FRIENDLY"!! 
item-10, You will wish you hadn't. 
item-11, It takes all kinds to fill the freeways. 		-- Crazy Charlie 
item-12, I am a deeply superficial person. 		-- Andy Warhol 
item-13, This is your fortune. 
item-14, Algebraic symbols are used when you do not know what you are talking about. 		-- Philippe Schnoebelen 
item-15, A couple more shots of whiskey; women 'round here start looking good.  		[something about a 10 being a 4 after a six-pack?  Ed.] 
item-16, COMPASS [for the CDC-6000 series] is the sort of assembler one expects from a corporation whose president codes in octal. 		-- J. N. Gray 
item-17, It's hard to tune heavily tuned code.  :-) 		-- Larry Wall in <199801141725.JAA07555@wall.org> 
item-18, I don't get no respect. 
item-19, ASCII a stupid question; you get an EBCDIC answer. 
item-20, Life is a grand adventure -- or it is nothing. 		-- Helen Keller 
item-21, The best book on programming for the layman is "Alice in Wonderland"; but that's because it's the best book on anything for the layman. 
item-22, Your job is being a professor and researcher: That's one hell of a good excuse for some of the brain-damages of minix. (Linus Torvalds to Andrew Tanenbaum) 
item-23, How much does she love you?  Less than you'll ever know. 
item-24, Maturity is only a short break in adolescence. 		-- Jules Feiffer 
item-25, Speaking of purchasing a dog; never buy a watchdog that's on sale. After all; everyone knows a bargain dog never bites! 
item-26, If you're constantly being mistreated; you're cooperating with the treatment. 
item-27, An American is a man with two arms and four wheels. 		-- A Chinese child 
item-28,   Parting is such sweet sorrow. -William Shakespeare 
item-29, interest; n.: 	What borrowers pay; lenders receive; stockholders own; and 	burned out employees must feign. 
item-30, From 0 to "what seems to be the problem officer" in 8.3 seconds. 		-- Ad for the new VW Corrado 
item-31, A conference is a gathering of important people who singly can do nothing but together can decide that nothing can be done. 		-- Fred Allen 
item-32, No line available at 300 baud. 
item-33, Only a mediocre person is always at his best. 		-- Laurence Peter 
item-34, With YOU; I can be MYSELF ...  We don't NEED Dan Rather ... 
item-35, Semper Fi; dude. 
item-36, There's too much beauty upon this earth for lonely men to bear. 		-- Richard Le Gallienne 
item-37, I don't want to bore you; but there's nobody else around for me to bore. 
item-38, Vulcans never bluff. 		-- Spock; "The Doomsday Machine"; stardate 4202.1 
item-39, The world is coming to an end!  Repent and return those library books! 
item-40, It is up to us to produce better-quality movies. 		-- Lloyd Kaufman; producer of "Stuff Stephanie in the Incinerator" 
item-41, You don't move to Edina; you achieve Edina. 		-- Guindon 
item-42, God is love; but get it in writing. 		-- Gypsy Rose Lee 
item-43, Tax; title; tag; and dealer handling not included. 
item-44, Never go to bed mad.  Stay up and fight. 		-- Phyllis Diller; "Phyllis Diller's Housekeeping Hints" 
item-45, No modern woman with a grain of sense ever sends little notes to an unmarried man -- not until she is married; anyway. 		-- Arthur Binstead 
item-46, Life is a gamble at terrible odds; if it was a bet you wouldn't take it. 		-- Tom Stoppard; "Rosencrantz and Guildenstern are Dead" 
item-47, Have you reconsidered a computer career? 
item-48, One thought driven home is better than three left on base. 
item-49, <DannyS> Hit the monkey to win $20(*)! * knghtbrd gets out his mallet. * knghtbrd plants it firmly on DannyS' head. * knghtbrd will take his $20 now.  =D 
item-50, I tell them to turn to the study of mathematics; for it is only there that they might escape the lusts of the flesh. 		-- Thomas Mann; "The Magic Mountain" 
item-51, Stay together; drag each other down. 
item-52, To err is human; but when the eraser wears out before the pencil; you're overdoing it a little. 
item-53, "How do I love thee?  My accumulator overflows." 
item-54, The grass is always greener on the other side of your sunglasses. 
item-55, You will have domestic happiness and faithful friends. 
item-56, QOTD: 	How can I miss you if you won't go away? 
item-57, "Home; Sweet Home" must surely have been written by a bachelor. 		-- Samuel Butler 
item-58, Some equipment shown is optional. 
item-59, <Tarzan> hey did you fall off your pirch or something? <knghtbrd> me?  heh. 
item-60, We are Pentium of Borg. Division is futile. You will be approximated. (seen in someone's .signature) 
item-61, Usage: fortune -P [] -a [xsz] [Q: [file]] [rKe9] -v6[+] dataspec ... inputdir 
item-62, Eggheads unite!  You have nothing to lose but your yolks. 		-- Adlai Stevenson 
item-63, Life is like a 10 speed bicycle.  Most of us have gears we never use. 		-- C. Schultz 
item-64, I used to have a drinking problem.  Now I love the stuff. 
item-65, Women are wiser than men because they know less and understand more. 		-- Stephens 
item-66, Better dead than mellow. 
item-67, Q:	How many IBM 370's does it take to execute a job? A:	Four; three to hold it down; and one to rip its head off. 
item-68, <Knghtbrd> If I start writing essays about Free Software for slashdot;            please shoot me. 
item-69, May all your PUSHes be POPped. 
item-70, My life is spent in one long effort to escape from the commonplace of existence. 
item-71, 	"Beauty is transitory." 	"Beauty survives." 		-- Spock and Kirk; "That Which Survives"; stardate unknown 
item-72, Q:	What is printed on the bottom of beer bottles in Minnesota? A:	Open other end. 
item-73, Business is a good game -- lots of competition and minimum of rules. You keep score with money. 		-- Nolan Bushnell; founder of Atari 
item-74, Q:	How do you save a drowning lawyer? A:	Throw him a rock. 
item-75, I used to work in a fire hydrant factory.  You couldn't park anywhere near the place. 		-- Steven Wright 
item-76, I have seen the future and it is just like the present; only longer. 		-- Kehlog Albran; "The Profit" 
item-77, I exist; therefore I am paid. 
item-78, The F-15 Eagle: 	If it's up; we'll shoot it down.  If it's down; we'll blow it up. 		-- A McDonnell-Douglas ad from a few years ago 
item-79, I often quote myself; it adds spice to my conversation. 		-- G. B. Shaw 
item-80, I fill MY industrial waste containers with old copies of the "WATCHTOWER" and then add HAWAIIAN PUNCH to the top ...  They look NICE in the yard ... 
item-81, He who knows that enough is enough will always have enough. 		-- Lao Tsu 
item-82, "But what we need to know is; do people want nasally-insertable computers?" 
item-83, It is not best to swap horses while crossing the river. 		-- Abraham Lincoln 
item-84, As pointed out in a followup; Real Perl Programmers prefer things to be visually distinct. 		-- Larry Wall in <199710161841.LAA13208@wall.org> 
item-85, Rule of Defactualization: 	Information deteriorates upward through bureaucracies. 
item-86, stab_val(stab)->str_nok = 1;    /* what a wonderful hack! */ 		-- Larry Wall in stab.c from the perl source code 
item-87, Why bother building any more nuclear warheads until we use the ones we have? 
item-88, Talent does what it can. Genius does what it must. You do what you get paid to do. 
item-89, To err is human; to moo bovine. 
item-90, History repeats itself only if one does not listen the first time. 
item-91, The light of a hundred stars does not equal the light of the moon. 
item-92, That wouldn't be good enough. 		-- Larry Wall in <199710131621.JAA14907@wall.org> 
item-93, Advancement in position. 
item-94, The rich get rich; and the poor get poorer. The haves get more; the have-nots die. 
item-95, If the shoe fits; it's ugly. 
item-96, We'll know that rock is dead when you have to get a degree to work in it. 
item-97, You can be replaced by this computer. 
item-98, There can be no twisted thought without a twisted molecule. 		-- R. W. Gerard 
item-99, Common sense is the collection of prejudices acquired by age eighteen. 		-- Albert Einstein 
item-100, Place me on a BUFFER counter while you BELITTLE several BELLHOPS in the Trianon Room!!  Let me one of your SUBSIDIARIES! 
item-101, You can't fall off the floor. 
item-102, I used to be disgusted; now I find I'm just amused. 		-- Elvis Costello 
item-103, weapon; n.: 	An index of the lack of development of a culture. 
item-104, << WAIT >> 
item-105, Accent on helpful side of your nature.  Drain the moat. 
item-106, For 20 dollars; I'll give you a good fortune next time ... 
item-107, We come to bury DOS; not to praise it. 		-- Paul Vojta; vojta@math.berkeley.edu 
item-108, Never make any mistaeks. 		-- Anonymous; in a mail discussion about to a kernel bug report 
item-109, A sadist is a masochist who follows the Golden Rule. 
item-110, You will stop at nothing to reach your objective; but only because your brakes are defective. 
item-111, Logic doesn't apply to the real world. 		-- Marvin Minsky 
item-112, Q:	Why haven't you graduated yet? A:	Well; Dad; I could have finished years ago; but I wanted 	my dissertation to rhyme. 
item-113, Do YOU have redeeming social value? 
item-114, Basically my wife was immature.  I'd be at home in the bath and she'd come in and sink my boats. 		-- Woody Allen 
item-115, Crazee Edeee; his prices are INSANE!!! 
item-116, For courage mounteth with occasion. 		-- William Shakespeare; "King John" 
item-117, You can't kiss a girl unexpectedly -- only sooner than she thought you would. 
item-118, When you make your mark in the world; watch out for guys with erasers. 		-- The Wall Street Journal 
item-119, Loose bits sink chips. 
item-120, Gee; Toto; I don't think we're in Kansas anymore. 
item-121, No matter how subtle the wizard; a knife in the shoulder blades will seriously cramp his style. 
item-122, Marriage is a lot like the army; everyone complains; but you'd be surprised at the large number that re-enlist. 		-- James Garner 
item-123, Blame Saint Andreas -- it's all his fault. 
item-124, Drop that pickle! 
item-125, Thirty white horses on a red hill; First they champ; Then they stamp; Then they stand still. 		-- Tolkien 
item-126, Live free or die. 
item-127, Dyslexics have more fnu. 
item-128, A couch is as good as a chair. 
item-129, Out of sight is out of mind. 		-- Arthur Clough 
item-130, The University of California Statistics Department; where mean is normal; and deviation standard. 
item-131, "The hottest places in Hell are reserved for those who; in times of moral crisis; preserved their neutrality." 		-- Dante 
item-132, Catharsis is something I associate with pornography and crossword puzzles. 		-- Howard Chaykin 
item-133, <kceee^> I hate users <knghtbrd> you sound like a sysadmin already! 
item-134, Vegetarians beware!  You are what you eat. 
item-135, From 0 to "what seems to be the problem officer" in 8.3 seconds. 		-- Ad for the new VW Corrado 
item-136, "Pascal is Pascal is Pascal is dog meat." 		-- M. Devine and P. Larson; Computer Science 340 
item-137, Brain off-line; please wait. 
item-138, "Linux: the operating system with a CLUE... Command Line User Environment". (seen in a posting in comp.software.testing) 
item-139, Govern a great nation as you would cook a small fish.  Don't overdo it. 		-- Lao Tsu 
item-140, I have accepted Provolone into my life! 
item-141, If it wasn't so warm out today; it would be cooler. 
item-142, Do unto others before they undo you. 
item-143, Only a fool has no doubts. 
item-144, Labor; n.: 	One of the processes by which A acquires property for B. 		-- Ambrose Bierce; "The Devil's Dictionary" 
item-145, Edited for television. 
item-146, "Today's robots are very primitive; capable of understanding only a few  simple instructions such as 'go left'; 'go right'; and 'build car'." 		-- John Sladek 
item-147, A Difficulty for Every Solution. 		-- Motto of the Federal Civil Service 
item-148, Go away; I'm all right. 		-- H. G. Wells' last words. 
item-149, Outside of a dog; a book is man's best friend.  Inside of a dog; it is too dark to read. 
item-150, C:\> WIN Bad command or filename  C:\> LOSE Loading Microsoft Windows ... 
item-151, "I have to convince you; or at least snow you ..." 		-- Prof. Romas Aleliunas; CS 435 
item-152, Idleness is the holiday of fools. 
item-153, "Who alone has reason to *lie himself out* of actuality?  He who *suffers*  from it." 		-- Friedrich Nietzsche 
item-154, War spares not the brave; but the cowardly. 		-- Anacreon 
item-155, Those who do things in a noble spirit of self-sacrifice are to be avoided at all costs. 		-- N. Alexander. 
item-156, From 0 to "what seems to be the problem officer" in 8.3 seconds. 		-- Ad for the new VW Corrado 
item-157, Happy feast of the pig! 
item-158, The universe is made of stories; not of atoms. 		-- Muriel Rukeyser 
item-159, At the foot of the mountain; thunder: The image of Providing Nourishment. Thus the superior man is careful of his words And temperate in eating and drinking. 
item-160, Reunite Gondwondaland! 
item-161, Just because the message may never be received does not mean it is not worth sending. 
item-162, I program; therefore I am. 
item-163, "What is wanted is not the will to believe; but the will to find out; which is the exact opposite." 		-- Bertrand Russell; _Sceptical_Essays_; 1928 
item-164, Just don't compare it with a real language; or you'll be unhappy...  :-) 		-- Larry Wall in <1992May12.190238.5667@netlabs.com> 
item-165, "And I don't like doing silly things (except on purpose)." 		-- Larry Wall in <1992Jul3.191825.14435@netlabs.com> 
item-166, Do you have lysdexia? 
item-167, Well; we can only possess our souls in patience until this excellent inspector comes back for us. 
item-168, A good supervisor can step on your toes without messing up your shine. 
item-169, He that is giddy thinks the world turns round. 		-- William Shakespeare; "The Taming of the Shrew" 
item-170, Boys; you have ALL been selected to LEAVE th' PLANET in 15 minutes!! 
item-171, Sleep -- the most beautiful experience in life -- except drink. 		-- W. C. Fields 
item-172, The sun never sets on those who ride into it. 		-- RKO 
item-173, Men say of women what pleases them; women do with men what pleases them. 		-- DeSegur 
item-174, One good turn asketh another. 		-- John Heywood 
item-175, HELLO KITTY gang terrorizes town; family STICKERED to death! 
item-176, If a fool persists in his folly he shall become wise. 		-- William Blake 
item-177, Live in a world of your own; but always welcome visitors. 
item-178, You cannot achieve the impossible without attempting the absurd. 
item-179, YOW!!  The land of the rising SONY!! 
item-180, Life is like a simile. 
item-181, "Even more amazing was the realization that God has Internet access.  I wonder if He has a full newsfeed?" (By Matt Welsh) 
item-182, You have to run as fast as you can just to stay where you are. If you want to get anywhere; you'll have to run much faster. 		-- Lewis Carroll 
item-183, There is but one step from the grotesque to the horrible. 
item-184, It's not whether you win or lose but how you played the game. 		-- Grantland Rice 
item-185, Never make anything simple and efficient when a way can be found to make it complex and wonderful. 
item-186, Dammit Jim; I'm an actor; not a doctor. 
item-187, You have a will that can be influenced by all with whom you come in contact. 
item-188, This will be a memorable month -- no matter how hard you try to forget it. 
item-189, Love tells us many things that are not so. 		-- Krainian Proverb 
item-190, byob; v: 	Believing Your Own Bull 
item-191, "I DO want your money; because god wants your money!" 		-- The Reverend Jimmy; from _Repo_Man_ 
item-192, Artificial intelligence has the same relation to intelligence as artificial flowers have to flowers. 		-- David Parnas 
item-193, "I am ready to meet my Maker.  Whether my Maker is prepared for the great ordeal of meeting me is another matter." 		-- Winston Churchill 
item-194, If someone stinks; view it as a reason to help them; not a reason to avoid them. 		-- Larry Wall in <199702111730.JAA28598@wall.org> 
item-195, There are two ways of disliking art.   One is to dislike it.  The other is to like it rationally. 		-- Oscar Wilde 
item-196, Sigmund's wife wore Freudian slips. 
item-197, She was good at playing abstract confusion in the same way a midget is good at being short. 		-- Clive James; on Marilyn Monroe 
item-198, When in doubt; use brute force. 		-- Ken Thompson 
item-199, The use of anthropomorphic terminology when dealing with computing systems is a symptom of professional immaturity. 		-- Edsger Dijkstra 
item-200, Things are more like they are today than they ever were before. 		-- Dwight Eisenhower 
item-201, He who fights and runs away lives to fight another day. 
item-202, If only I could be respected without having to be respectable. 
item-203, Experience is that marvelous thing that enables you recognize a mistake when you make it again. 		-- Franklin P. Jones 
item-204, Remember: use logout to logout. 
item-205, "Pay no attention to the man behind the curtain." 		-- Karl; as he stepped behind the computer to reboot it; during a FAT 
item-206, It's OKAY -- I'm an INTELLECTUAL; too. 
item-207, The Constitution may not be perfect; but it's a lot better than what we've got! 
item-208, To communicate is the beginning of understanding. 		-- AT&T 
item-209, If Robert Di Niro assassinates Walter Slezak; will Jodie Foster marry Bonzo?? 
item-210, Stay on the trail. 
item-211, God helps them that help themselves. 		-- Benjamin Franklin; "Poor Richard's Almanac" 
item-212, We read to say that we have read. 
item-213, I have gained this by philosophy: that I do without being commanded what others do only from fear of the law. 		-- Aristotle 
item-214, Just because your doctor has a name for your condition doesn't mean he knows what it is. 
item-215, 	"Do you think there's a God?" 	"Well; ____SOMEbody's out to get me!" 		-- Calvin and Hobbs 
item-216, If you live in a country run by committee; be on the committee. 		-- Graham Summer 
item-217, When you get your PH.D. will you get able to work at BURGER KING? 
item-218, It's always sad when the fleas leave; because that means your dog is dead. 		-- Wesley T. Williams 
item-219, I'm encased in the lining of a pure pork sausage!! 
item-220, Moderation in all things. 		-- Publius Terentius Afer [Terence] 
item-221, God is a comic playing to an audience that's afraid to laugh. 
item-222, Mr. Rockford?  You don't know me; but I'd like to hire you.  Could you call me at...  My name is... uh...  Never mind; forget it! 		-- "The Rockford Files" 
item-223, The easiest way to figure the cost of living is to take your income and add ten percent. 
item-224, The Macintosh is Xerox technology at its best. 
item-225, Screw up your courage!  You've screwed up everything else. 
item-226, Time is the most valuable thing a man can spend. 		-- Theophrastus 
item-227, <netgod> Feanor: u have no idea of the depth of the stupidty of american law 
item-228, Comparing information and knowledge is like asking whether the fatness of a pig is more or less green than the designated hitter rule." 		-- David Guaspari 
item-229, Old men are fond of giving good advice to console themselves for their inability to set a bad example. 		-- La Rochefoucauld; "Maxims" 
item-230, To restore a sense of reality; I think Walt Disney should have a Hardluckland. 		-- Jack Paar 
item-231, You are so boring that when I see you my feet go to sleep. 
item-232, Sometimes; when I think of what that girl means to me; it's all I can do to keep from telling her. 		-- Andy Capp 
item-233, The road to Hades is easy to travel. 		-- Bion 
item-234, They are relatively good but absolutely terrible. 		-- Alan Kay; commenting on Apollos 
item-235, I don't make the rules; Gil; I only play the game. 		-- Cash McCall 
item-236, "If you want to eat hippopotamus; you've got to pay the freight." 		-- attributed to an IBM guy; about why IBM software uses so much memory 
item-237, * SynrG notes that the number of configuration questions to answer in   sendmail is NON-TRIVIAL 
item-238, Creativity is not always bred in an environment of tranquility; sometimes you have to squeeze a little to get the paste out of the tube. 
item-239, Many pages make a thick book. 
item-240, To our sweethearts and wives.  May they never meet. 		-- 19th century toast 
item-241, If you give Congress a chance to vote on both sides of an issue; it will always do it. 		-- Les Aspin; D.; Wisconsin 
item-242, purpitation; n.: 	To take something off the grocery shelf; decide you 	don't want it; and then put it in another section. 		-- "Sniglets"; Rich Hall & Friends 
item-243, "Be there.  Aloha." 		-- Steve McGarret; _Hawaii Five-Oh_ 
item-244, Life is like an egg stain on your chin -- you can lick it; but it still won't go away. 
item-245, "I don't mind going nowhere as long as it's an interesting path." 		-- Ronald Mabbitt 
item-246, "Ubi non accusator; ibi non judex."  (Where there is no police; there is no speed limit.) 		-- Roman Law; trans. Petr Beckmann (1971) 
item-247, Boys are beyond the range of anybody's sure understanding; at least when they are between the ages of 18 months and 90 years. 		-- James Thurber 
item-248, Great acts are made up of small deeds. 		-- Lao Tsu 
item-249, "Of all the tyrannies that affect mankind; tyranny in religion is the worst." 		-- Thomas Paine 
item-250, I didn't get sophisticated -- I just got tired.  But maybe that's what sophisticated is -- being tired. 		-- Rita Gain 
item-251, I don't wish to appear overly inquisitive; but are you still alive? 
item-252, So this is it.  We're going to die. 
item-253, The Army needs leaders the way a foot needs a big toe. 		-- Bill Murray 
item-254, Do you think that when they asked George Washington for ID that he just whipped out a quarter? 		-- Steven Wright 
item-255, panic: can't find / 
item-256, "It's what you learn after you know it all that counts." 		-- John Wooden 
item-257, Old mail has arrived. 
item-258, "May your future be limited only by your dreams." 		-- Christa McAuliffe 
item-259, Tart words make no friends; a spoonful of honey will catch more flies than a gallon of vinegar. 		-- B. Franklin 
item-260, You display the wonderful traits of charm and courtesy. 
item-261, If truth is beauty; how come no one has their hair done in the library? 		-- Lily Tomlin 
item-262, Q:	Why is Christmas just like a day at the office? A:	You do all of the work and the fat guy in the suit 	gets all the credit. 
item-263, You shouldn't have to pay for your love with your bones and your flesh. 		-- Pat Benatar; "Hell is for Children" 
item-264, The primary requisite for any new tax law is for it to exempt enough voters to win the next election. 
item-265, History teaches us that men and nations behave wisely once they have exhausted all other alternatives. 		-- Abba Eban 
item-266, If you had any brains; you'd be dangerous. 
item-267, To err is human; but I can REALLY foul things up. 
item-268, To err is human; to moo bovine. 
item-269, But has any little atom; 	While a-sittin' and a-splittin'; Ever stopped to think or CARE 	That E = m c**2 ? 
item-270, Never accept an invitation from a stranger unless he gives you candy. 		-- Linda Festa 
item-271, If you want to see card tricks; you have to expect to take cards. 		-- Harry Blackstone 
item-272, QOTD: 	All I want is more than my fair share. 
item-273, I'm sorry if the following sounds combative and excessively personal; but that's my general style.        -- Ian Jackson 
item-274, <Manoj> I *like* the chicken 
item-275, Your daily dietary values may be higher or lower depending on your caloric needs. 
item-276, * shortc wants to get in one of knghtbrd's sigs one of these days. 
item-277, If you always postpone pleasure you will never have it.  Quit work and play for once! 
item-278, The future is a race between education and catastrophe. 		-- H. G. Wells 
item-279, Do what comes naturally.  Seethe and fume and throw a tantrum. 
item-280, Well; I'm INVISIBLE AGAIN ... I might as well pay a visit to the LADIES ROOM ... 
item-281, Modeling paged and segmented memories is tricky business. 		-- P. J. Denning 
item-282, Reinhart was never his mother's favorite -- and he was an only child. 		-- Thomas Berger 
item-283, The Kennedy Constant: 	Don't get mad -- get even. 
item-284, The three questions of greatest concern are -- 1. Is it attractive? 2. Is it amusing?  3. Does it know its place? 		-- Fran Lebowitz; "Metropolitan Life" 
item-285, Show your affection; which will probably meet with pleasant response. 
item-286, With a gentleman I try to be a gentleman and a half; and with a fraud I try to be a fraud and a half. 		-- Otto von Bismark 
item-287, The man who sees; on New Year's day; Mount Fuji; a hawk; and an eggplant is forever blessed. 		-- Old Japanese proverb 
item-288, It's not against any religion to want to dispose of a pigeon. 		-- Tom Lehrer; "Poisoning Pigeons in the Park" 
item-289, His life was formal; his actions seemed ruled with a ruler. 
item-290, "Well; if you can't believe what you read in a comic book; what *___can* you believe?!" 		-- Bullwinkle J. Moose [Jay Ward] 
item-291, Good night to spend with family; but avoid arguments with your mate's new lover. 
item-292, The absent ones are always at fault. 
item-293, The world needs more people like us and fewer like them. 
item-294, Don't worry so loud; your roommate can't think. 
item-295, Try to divide your time evenly to keep others happy. 
item-296, It is; of course; written in Perl.  Translation to C is left as an exercise for the reader.  :-)  -- Larry Wall in <7448@jpl-devvax.JPL.NASA.GOV> 
item-297, An air of FRENCH FRIES permeates my nostrils!! 
item-298, Better living a beggar than buried an emperor. 
item-299, NEVER RESPOND TO CRITICAL PRESS.  IT IS A GAME YOU CAN ONLY LOSE; AND IT MAKES US LOOK BAD. 		-- Bruce Perens 
item-300, The biggest difference between time and space is that you can't reuse time. 		-- Merrick Furst 
item-301, Overload -- core meltdown sequence initiated. 
item-302, A black cat crossing your path signifies that the animal is going somewhere. 		-- Groucho Marx 
item-303, The code also assumes that it's difficult to misspell "a" or "b".  :-) 		-- Larry Wall in <199710221731.KAA24396@wall.org> 
item-304, "Here comes Mr. Bill's dog." 		-- Narrator; Saturday Night Live 
item-305, It is better to travel hopefully than to fly Continental. 
item-306, I have learned silence from the talkative; toleration from the intolerant; and kindness from the unkind. 		-- Kahlil Gibran 
item-307, <Mercury> At that point it will compile; but segfault; as it should.. 
item-308, Nothing is so firmly believed as that which we least know. 		-- Michel de Montaigne 
item-309, Women in love consist of a little sighing; a little crying; a little dying -- and a good deal of lying. 		-- Ansey 
item-310, The telephone is a good way to talk to people without having to offer them a drink. 		-- Fran Lebowitz; "Interview" 
item-311, My mind is a potato field ... 
item-312, Try `stty 0' -- it works much better. 
item-313, I'm definitely not in Omaha! 
item-314, Power is poison. 
item-315, Landru! Guide us! 		-- A Beta 3-oid; "The Return of the Archons"; stardate 3157.4 
item-316, If the aborigine drafted an IQ test; all of Western civilization would presumably flunk it. 		-- Stanley Garn 
item-317, Communicate!  It can't make things any worse. 
item-318, HELP!  MY TYPEWRITER IS BROKEN! 		-- E. E. CUMMINGS 
item-319, People who have what they want are very fond of telling people who haven't what they want that they don't want it. 		-- Ogden Nash 
item-320, memo; n.: 	An interoffice communication too often written more for the benefit 	of the person who sends it than the person who receives it. 
item-321, <slashdot> my US geograpy is lousy...lol <knghtbrd> so's mine and I live here 
item-322, flannister; n.: 	The plastic yoke that holds a six-pack of beer together. 		-- "Sniglets"; Rich Hall & Friends 
item-323, Waste not fresh tears over old griefs. 		-- Euripides 
item-324, You need not be present to win. 
item-325, Duct tape is like the force.  It has a light side; and a dark side; and it holds the universe together ... 		-- Carl Zwanzig 
item-326, QOTD: 	"It's hard to tell whether he has an ace up his sleeve or if 	the ace is missing from his deck altogether." 
item-327, Illinois isn't exactly the land that God forgot -- it's more like the land He's trying to ignore. 
item-328, My cup hath runneth'd over with love. 
item-329, The reward for working hard is more hard work. 
item-330, I was playing poker the other night... with Tarot cards. I got a full house and 4 people died. 		-- Steven Wright 
item-331, Look before you leap. 		-- Samuel Butler 
item-332, To get something clean; one has to get something dirty. To get something dirty; one does not have to get anything clean. 
item-333, The bogosity meter just pegged. 
item-334, * BenC wonders why he has upgraded to 3.3.5-1 before teh X maintainer 
item-335, My idea of roughing it turning the air conditioner too low. 
item-336, Is it NOUVELLE CUISINE when 3 olives are struggling with a scallop in a plate of SAUCE MORNAY? 
item-337, Day of inquiry.  You will be subpoenaed. 
item-338, He only knew his iron spine held up the sky -- he didn't realize his brain had fallen to the ground. 		-- The Book of Serenity 
item-339, Being Ymor's right-hand man was like being gently flogged to death with scented bootlaces. 		-- Terry Pratchett; "The Colour of Magic" 
item-340, Every country has the government it deserves. 		-- Joseph De Maistre 
item-341, "Ada is PL/I trying to be Smalltalk. 		-- Codoso diBlini 
item-342, <Endy> taniwha: Quote material :) <taniwha> Endy: :) <knghtbrd> Endy: I already snipped it 
item-343, You know you are getting old when you think you should drive the speed limit. 		-- E. A. Gilliam 
item-344, In Xanadu did Kubla Khan a stately pleasure dome decree But only if the NFL to a franchise would agree. 
item-345, Happiness is the greatest good. 
item-346, "They told me I was gullible ... and I believed them!" 
item-347, You know you're a little fat if you have stretch marks on your car. 		-- Cyrus; Chicago Reader 1/22/82 
item-348, Nobody wants constructive criticism.  It's all we can do to put up with constructive praise. 
item-349, "I just want to be a good engineer." -- Steve Wozniak; co-founder of Apple Computer; concluding his keynote speech    at the 1988 AppleFest 
item-350, No wonder you're tired!  You understood so much today. 
item-351, For adult education nothing beats children. 
item-352, You can't mend a wristwatch while falling from an airplane. 
item-353, "Why should we subsidize intellectual curiosity?" 		-- Ronald Reagan 
item-354, Exceptions prove the rule; and wreck the budget. 		-- Miller 
item-355, Birds are entangled by their feet and men by their tongues. 
item-356, Scientists are people who build the Brooklyn Bridge and then buy it. 		-- William Buckley 
item-357, <Knghtbrd> you people are all insane. <Joey> knight: sure; that's why we work on Debian. <JHM> Knghtbrd: get in touch with your inner nutcase. 
item-358, Surprise your boss.  Get to work on time. 
item-359, The rich get rich; and the poor get poorer. The haves get more; the have-nots die. 
item-360, Not affiliated with the American Red Cross. 
item-361, I don't think it's worth washing hogs over. 		-- Larry Wall in <199710060253.TAA09723@wall.org> 
item-362, Learn to pause -- or nothing worthwhile can catch up to you. 
item-363, No skis take rocks like rental skis! 
item-364, "They are both businesses - if you have given them enough money; I'm sure they'll do whatever the hell you ask:->" 		-- David Welton 
item-365, How wonderful opera would be if there were no singers. 
item-366, When in doubt; do what the President does -- guess. 
item-367, Decorate your home.  It gives the illusion that your life is more interesting than it really is. 		-- C. Schulz 
item-368, Things will get better despite our efforts to improve them. 		-- Will Rogers 
item-369, Whether you can hear it or not; The Universe is laughing behind your back. 		-- National Lampoon; "Deteriorata" 
item-370, It is only with the heart one can see clearly; what is essential is invisible to the eye. 		-- The Fox; 'The Little Prince'
item-371, Eternity is a terrible thought.  I mean; where's it going to end? 		-- Tom Stoppard 
item-372, I want to be the white man's brother; not his brother-in-law. 		-- Martin Luther King; Jr. 
item-373, A girl's conscience doesn't really keep her from doing anything wrong-- it merely keeps her from enjoying it. 
item-374, I don't deserve this award; but I have arthritis and I don't deserve that either. 		-- Jack Benny 
item-375, If ignorance is bliss; why aren't there more happy people? 
item-376, try again 
item-377, I wish a robot would get elected president.  That way; when he came to town; we could all take a shot at him and not feel too bad. 		-- Jack Handey 
item-378, Shall we make a new rule of life from tonight: always to try to be a little kinder than is necessary? 		-- J. M. Barrie 
item-379, I do not think that I am in need of booming. 
item-380, A beautiful woman is a picture which drives all beholders nobly mad. 		-- Emerson 
item-381, The first rule of all intelligent tinkering is to keep all the parts. 		-- Aldo Leopold; quoted in Donald Wurster's "Nature's Economy" 
item-382, I left my WALLET in the BATHROOM!! 
item-383, Perhaps they will have to outlaw sending random lists of words.  fee fie foe foo [sic] 		-- Larry Wall in <199710311916.LAA19760@wall.org> 
item-384, It's certainly easy to calculate the average attendance for Perl conferences. 		-- Larry Wall in <199710071721.KAA19014@wall.org> 
item-385, He laughs at every joke three times... once when it's told; once when it's explained; and once when he understands it. 
item-386, try again 
item-387, Dinner is ready when the smoke alarm goes off. 
item-388, War is never imperative. 		-- McCoy; "Balance of Terror"; stardate 1709.2 
item-389, Some people say a front-engine car handles best.  Some people say a rear-engine car handles best.  I say a rented car handles best. 		-- P. J. O'Rourke 
item-390, There are never any bugs you haven't found yet. 
item-391, wolf; n.: 	A man who knows all the ankles. 
item-392, win-nt from the people who invented edlin. 		-- MaDsen Wikholm; mwikholm@at8.abo.fi 
item-393, I guess you guys got BIG MUSCLES from doing too much STUDYING! 
item-394, A drama critic is a person who surprises a playwright by informing him what he meant. 		-- Wilson Mizner 
item-395, You cannot achieve the impossible without attempting the absurd. 
item-396, Faith may be defined briefly as an illogical belief in the occurrence of the improbable. 		-- H. L. Mencken 
item-397, Sorry.  I just realized this sentance makes no sense :) 		-- Ian Main 
item-398, Science and religion are in full accord but science and faith are in complete discord. 
item-399, design; v.: 	What you regret not doing later on. 
item-400, There's the scarlet thread of murder running through the colorless skein of e life; and our duty is to unravel it; and isolate it; and expose every inch of it. 
item-401, <Hydroxide> knightbrd: from knightbrd.brain import * :) <knghtbrd> Oh gods if it were that easy .. <knghtbrd> from carmack.brain import OpenGL 
item-402, What an author likes to write most is his signature on the back of a cheque. 		-- Brendan Francis 
item-403, Nothing is so firmly believed as that which we least know. 		-- Michel de Montaigne 
item-404, It is all right to hold a conversation; but you should let go of it now and then. 		-- Richard Armour 
item-405, Nothing is rich but the inexhaustible wealth of nature. She shows us only surfaces; but she is a million fathoms deep. 		-- Ralph Waldo Emerson 
item-406, "Why are we importing all these highbrow plays like `Amadeus'?  I could have told you Mozart was a jerk for nothing." 		-- Ian Shoales 
item-407, COMPASS [for the CDC-6000 series] is the sort of assembler one expects from a corporation whose president codes in octal. 		-- J. N. Gray 
item-408, WHOA!!  Ken and Barbie are having TOO MUCH FUN!!  It must be the NEGATIVE IONS!! 
item-409, You need more time; and you probably always will. 
item-410, It's better to be wanted for murder that not to be wanted at all. 		-- Marty Winch 
item-411, I can't decide which WRONG TURN to make first!!  I wonder if BOB GUCCIONE has these problems! 
item-412, 	"What time is it?" 	"I don't know; it keeps changing." 
item-413, If you can't be good; be careful.  If you can't be careful; give me a call. 
item-414, From a certain point onward there is no longer any turning back. That is the point that must be reached. 		-- F. Kafka 
item-415, Why does a hearse horse snicker; hauling a lawyer away? 		-- Carl Sandburg 
item-416, My mother loved children -- she would have given anything if I had been one. 		-- Groucho Marx 
item-417, 	"It's a summons." 	"What's a summons?" 	"It means summon's in trouble." 		-- Rocky and Bullwinkle 
item-418, I'll say it again for the logic impaired. 		-- Larry Wall 
item-419, Your lover will never wish to leave you. 
item-420, APL hackers do it in the quad. 
item-421, QOTD: 	Sacred cows make great hamburgers. 
item-422, QOTD: 	"I never met a man I couldn't drink handsome." 
item-423, Ray's Rule of Precision: 	Measure with a micrometer.  Mark with chalk.  Cut with an axe. 
item-424, Sacred cows make great hamburgers. 
item-425, 	The Advertising Agency Song  	When your client's hopping mad; 	Put his picture in the ad. 	If he still should prove refractory; 	Add a picture of his factory. 
item-426, Put not your trust in money; but put your money in trust. 
item-427, I'm having BEAUTIFUL THOUGHTS about the INSIPID WIVES of smug and wealthy CORPORATE LAWYERS ... 
item-428, They collapsed ... like nuns in the street ... they had no teen appeal! 
item-429, Si jeunesse savait; si vieillesse pouvait. 	[If youth but knew; if old age but could.] 		-- Henri Estienne 
item-430, It is the wisdom of crocodiles; that shed tears when they would devour. 		-- Francis Bacon 
item-431, P-K4 
item-432, If you float on instinct alone; how can you calculate the buoyancy for the computed load? 		-- Christopher Hodder-Williams 
item-433, Silence is the element in which great things fashion themselves. 		-- Thomas Carlyle 
item-434, I'd just as soon kiss a Wookie. 		-- Princess Leia Organa 
item-435, Television is a medium because anything well done is rare. 		-- attributed to both Fred Allen and Ernie Kovacs 
item-436, Outside of a dog; a book is man's best friend.  Inside of a dog; it is too dark to read. 
item-437, flannister; n.: 	The plastic yoke that holds a six-pack of beer together. 		-- "Sniglets"; Rich Hall & Friends 
item-438, Moderation is a fatal thing.  Nothing succeeds like excess. 		-- Oscar Wilde 
item-439, Women waste men's lives and think they have indemnified them by a few gracious words. 		-- Honor'e de Balzac 
item-440, "The human brain is like an enormous fish -- it is flat and slimy and has gills through which it can see." 		-- Monty Python 
item-441, birth; n: 	The first and direst of all disasters. 		-- Ambrose Bierce; "The Devil's Dictionary" 
item-442, When I works; I works hard. When I sits; I sits easy. And when I thinks; I goes to sleep. 
item-443, What do you give a man who has everything?  Penicillin. 		-- Jerry Lester 
item-444, Arguments are extremely vulgar; for everyone in good society holds exactly the same opinion. 		-- Oscar Wilde 
item-445, I have already given two cousins to the war and I stand ready to sacrifice my wife's brother. 		-- Artemus Ward 
item-446, Signs of crime: screaming or cries for help. 		-- The Brown University Security Crime Prevention Pamphlet 
item-447, "His eyes were cold.  As cold as the bitter winter snow that was falling outside.  Yes; cold and therefore difficult to chew..." 
item-448, A straw vote only shows which way the hot air blows. 		-- O'Henry 
item-449, "Neighbors!!  We got neighbors!  We ain't supposed to have any neighbors; and I just had to shoot one." 		-- Post Bros. Comics 
item-450, Boling's postulate: 	If you're feeling good; don't worry.  You'll get over it. 
item-451, The descent to Hades is the same from every place. 		-- Anaxagoras 
item-452, Conquering Russia should be done steppe by steppe. 
item-453, A transistor protected by a fast-acting fuse will protect the fuse by blowing first. 
item-454, Most burning issues generate far more heat than light. 
item-455, Computers can figure out all kinds of problems; except the things in the world that just don't add up. 
item-456, I've always felt sorry for people that don't drink -- remember; when they wake up; that's as good as they're gonna feel all day! 
item-457, Footnotes are for things you believe don't really belong in LDP manuals; but want to include anyway. 		-- Joel N. Weber II discussing the 'make' chapter of LPG 
item-458, If God had intended Men to Smoke; He would have put Chimneys in their Heads. 
item-459, Cut out the poetry; Watson. 
item-460, Mathematics deals exclusively with the relations of concepts to each other without consideration of their relation to experience. 		-- Albert Einstein 
item-461, Real Users are afraid they'll break the machine -- but they're never afraid to break your face. 
item-462, When this load is DONE I think I'll wash it AGAIN ... 
item-463, How comes it to pass; then; that we appear such cowards in reasoning; and are so afraid to stand the test of ridicule? 		-- A. Cooper 
item-464, Prices higher in Alaska and Hawaii. 
item-465, All people are born alike -- except Republicans and Democrats. 		-- Groucho Marx 
item-466, Reading is to the mind what exercise is to the body. 
item-467, It is better to die on your feet than to live on your knees. 
item-468, All of life is a blur of Republicans and meat! 
item-469, "The subspace _W inherits the other 8 properties of _V. And there aren't even any property taxes." 		-- J. MacKay; Mathematics 134b 
item-470, If one tells the truth; one is sure; sooner or later; to be found out. 		-- Oscar Wilde; "Phrases and Philosophies for the Use 		of the Young" 
item-471, Krogt; n. (chemical symbol: Kr): 	The metallic silver coating found on fast-food game cards. 		-- Rich Hall; "Sniglets" 
item-472, Remember folks.  Street lights timed for 35 mph are also timed for 70 mph. 		-- Jim Samuels 
item-473, In California they don't throw their garbage away -- they make it into television shows. 		-- Woody Allen; "Annie Hall" 
item-474, Old timer; n.: 	One who remembers when charity was a virtue and not an organization. 
item-475, Things worth having are worth cheating for. 
item-476, The average Ph.D thesis is nothing but the transference of bones from one graveyard to another. 		-- J. Frank Dobie; "A Texan in England" 
item-477, Look!  Before our very eyes; the future is becoming the past. 
item-478, It is impossible to defend perfectly against the attack of those who want to die. 
item-479, Mr and Mrs PED; can I borrow 26.7% of the RAYON TEXTILE production of the INDONESIAN archipelago? 
item-480, This code passes Torvalds test grades 0; 1 and 2 (it looks ok; it compiles and it booted).  		-- Alan Cox 
item-481, Maybe Computer Science should be in the College of Theology. 		-- R. S. Barton 
item-482, Is that really YOU that is reading this? 
item-483, Some men love truth so much that they seem to be in continual fear lest she should catch a cold on overexposure. 		-- Samuel Butler 
item-484, Man is by nature a political animal. 		-- Aristotle 
item-485, In a medium in which a News Piece takes a minute and an "In-Depth" Piece takes two minutes; the Simple will drive out the Complex. 		-- Frank Mankiewicz 
item-486, The most exciting phrase to hear in science; the one that heralds new discoveries; is not "Eureka!" (I found it!) but "That's funny ..." 		-- Isaac Asimov 
item-487, If builders built buildings the way programmers wrote programs; then the first woodpecker to come along would destroy civilization. 
item-488, Your CHEEKS sit like twin NECTARINES above a MOUTH that knows no BOUNDS -- 
item-489, Only through hard work and perseverance can one truly suffer. 
item-490, Practice yourself what you preach. 		-- Titus Maccius Plautus 
item-491, I never failed to convince an audience that the best thing they could do was to go away. 
item-492, Fundamentally; there may be no basis for anything. 
item-493, "Conversion; fastidious Goddess; loves blood better than brick; and feasts most subtly on the human will." 		-- Virginia Woolf; "Mrs. Dalloway" 
item-494, Abandon the search for Truth; settle for a good fantasy. 
item-495, The goal of Computer Science is to build something that will last at least until we've finished building it. 
item-496, The six great gifts of an Irish girl are beauty; soft voice; sweet speech; wisdom; needlework; and chastity. 		-- Theodore Roosevelt; 1907 
item-497, O.K.; fine. 
item-498, Some men are heterosexual; and some are bisexual; and some men don't think about sex at all... they become lawyers. 		-- Woody Allen 
item-499, As to the Adjective: when in doubt; strike it out. 		-- Mark Twain; "Pudd'nhead Wilson's Calendar" 
item-500, It is so very hard to be an on-your-own-take-care-of-yourself-because-there-is-no-one-else-to-do-it-for-you grown-up. 
item-501, Once upon a time; four AMPHIBIOUS HOG CALLERS attacked a family of DEFENSELESS; SENSITIVE COIN COLLECTORS and brought DOWN their PROPERTY VALUES!! 
item-502, An ounce of mother is worth a ton of priest. 		-- Spanish proverb 
item-503, In practice; failures in system development; like unemployment in Russia; happens a lot despite official propaganda to the contrary. 		-- Paul Licker 
item-504, Overflow on /dev/null; please empty the bit bucket. 
item-505, The only way to keep your health is to eat what you don't want; drink what you don't like; and do what you'd rather not. 		-- Mark Twain 
item-506, To the landlord belongs the doorknobs. 
item-507, Imitation is the sincerest form of television. 		-- Fred Allen 
item-508, You will pioneer the first Martian colony. 
item-509, /* we have tried to make this normal case as abnormal as possible */ 		-- Larry Wall in cmd.c from the perl source code 
item-510, "At least they're ___________EXPERIENCED incompetents" 
item-511, Oh don't the days seem lank and long 	When all goes right and none goes wrong; And isn't your life extremely flat 	With nothing whatever to grumble at! 
item-512, Do not underestimate the value of print statements for debugging. Don't have aesthetic convulsions when using them; either. 
item-513, You may be right; I may be crazy; But it just may be a lunatic you're looking for! 		-- Billy Joel 
item-514, Machines certainly can solve problems; store information; correlate; and play games -- but not with pleasure. 		-- Leo Rosten 
item-515, Answer a fool according to his folly; lest he be wise in his own conceit. 		-- Proverbs; 26:5 
item-516, To one large turkey add one gallon of vermouth and a demijohn of Angostura bitters.  Shake. 		-- F. Scott Fitzgerald; recipe for turkey cocktail. 
item-517, "Consistency requires you to be as ignorant today as you were a year ago." 		-- Bernard Berenson 
item-518, If ignorance is bliss; why aren't there more happy people? 
item-519, Price's Advice: 	It's all a game -- play it to have fun. 
item-520, When a fly lands on the ceiling; does it do a half roll or a half loop? 
item-521, <tausq>         if (cb) ((cb->obj)->*(cb->ui_func))(); <knghtbrd> tausq: who the HELL wrote that ? <tausq> me :) * knghtbrd flogs tausq 
item-522, It's better to burn out than to fade away. 
item-523, The use of money is all the advantage there is to having money. 		-- B. Franklin 
item-524, When nothing can possibly go wrong; it will. 
item-525, Kramer's Law: 	You can never tell which way the train went by looking at the tracks. 
item-526, I will follow the good side right to the fire; but not into it if I can help it. 		-- Michel Eyquem de Montaigne 
item-527, Oh; yeah; life goes on; long after the thrill of livin' is gone. 		-- John Cougar; "Jack and Diane" 
item-528, A man who keeps stealing mopeds is an obvious cycle-path. 
item-529, God must have loved calories; she made so many of them. 
item-530, The person who's taking you to lunch has no intention of paying. 
item-531, Kin; n.: 	An affliction of the blood. 
item-532, She been married so many times she got rice marks all over her face. 		-- Tom Waits 
item-533, We don't care how they do it in New York. 
item-534, Two sure ways to tell a REALLY sexy man; the first is; he has a bad memory. I forget the second. 
item-535, "MSDOS didn't get as bad as it is overnight -- it took over ten years of careful development." (By dmeggins@aix1.uottawa.ca) 
item-536, Well; it's hard for a mere man to believe that woman doesn't have equal rights. 		-- Dwight D. Eisenhower 
item-537, A prisoner of war is a man who tries to kill you and fails; and then asks you not to kill him. 		-- Sir Winston Churchill; 1952 
item-538, I think I'll KILL myself by leaping out of this 14th STORY WINDOW while reading ERICA JONG'S poetry!! 
item-539, Nipples; dimples; knuckles; NICKLES; wrinkles; pimples!! 
item-540, I've had a perfectly wonderful evening.  But this wasn't it. 		-- Groucho Marx 
item-541, Never tell people how to do things.  Tell them WHAT to do and they will surprise you with their ingenuity. 		-- Gen. George S. Patton; Jr. 
item-542, Microbiology Lab:  Staph Only! 
item-543, He had occasional flashes of silence that made his conversation perfectly delightful. 		-- Sydney Smith 
item-544, If I pull this SWITCH I'll be RITA HAYWORTH!!  Or a SCIENTOLOGIST! 
item-545, What's all this brouhaha? 
item-546, Time is an illusion perpetrated by the manufacturers of space. 
item-547, The best thing that comes out of Iowa is I-80. 
item-548, Always draw your curves; then plot your reading. 
item-549, A pound of salt will not sweeten a single cup of tea. 
item-550, Are you perchance running on a 64-bit machine? 		-- Larry Wall in <199711102149.NAA16878@wall.org> 
item-551, I'm a Hollywood writer; so I put on a sports jacket and take off my brain. 
item-552, Pure drivel tends to drive ordinary drivel off the TV screen. 
item-553, In the long run; every program becomes rococco; and then rubble. 		-- Alan Perlis 
item-554, Stop searching forever.  Happiness is unattainable. 
item-555, panic: can't find / 
item-556, Doubt is not a pleasant condition; but certainty is absurd. 		-- Voltaire 
item-557, The future not being born; my friend; we will abstain from baptizing it. 		-- George Meredith 
item-558, "Ain't that something what happened today.  One of us got traded to Kansas City." 		-- Casey Stengel; informing outfielder Bob Cerv he'd 		   been traded. 
item-559, For the first time we have a weapon that nobody has used for thirty years. This gives me great hope for the human race. 		-- Harlan Ellison 
item-560, The aim of a joke is not to degrade the human being but to remind him that he is already degraded. 		-- George Orwell 
item-561, It is impossible to make anything foolproof because fools are so ingenious. 
item-562, Disc space -- the final frontier! 
item-563, A gambler's biggest thrill is winning a bet. His next biggest thrill is losing a bet. 
item-564, You fill a much-needed gap. 
item-565, I hear what you're saying but I just don't care. 
item-566, Protect from light. 
item-567, The number of feet in a yard is directly proportional to the success of the barbecue. 
item-568, Cleanliness is next to impossible. 
item-569, Hangover; n.: 	The burden of proof. 
item-570, Tempt not a desperate man. 		-- William Shakespeare; "Romeo and Juliet" 
item-571, History repeats itself.  That's one thing wrong with history. 
item-572, Obviously your filters are throwing away mail from Randal.  :-) 		-- Larry Wall in <199710221937.MAA25131@wall.org> 
item-573, If you refuse to accept anything but the best you very often get it. 
item-574, Disco oil bussing will create a throbbing naugahide pipeline running straight to the tropics from the rug producing regions and devalue the dollar! 
item-575, When God saw how faulty was man He tried again and made woman.  As to why he then stopped there are two opinions.  One of them is woman's. 		-- DeGourmont 
item-576, <|Rain|> #define struct union /* great space saver */ 
item-577, Would the last person to leave Michigan please turn out the lights? 
item-578, As the trials of life continue to take their toll; remember that there is always a future in Computer Maintenance. 		-- National Lampoon; "Deteriorata" 
item-579, The meek are contesting the will. 
item-580, Your mode of life will be changed for the better because of new developments. 
item-581, Overflow on /dev/null; please empty the bit bucket. 
item-582, Piece of cake! 		-- G. S. Koblas 
item-583, QOTD: 	"I am not sure what this is; but an 'F' would only dignify it." 
item-584, A large number of installed systems work by fiat.  That is; they work by being declared to work. 		-- Anatol Holt 
item-585, Where there are visible vapors; having their prevenance in ignited carbonaceous materials; there is conflagration. 
item-586, Sigh.  I like to think it's just the Linux people who want to be on the "leading edge" so bad they walk right off the precipice. (Craig E. Groeschel) 
item-587, New York now leads the world's great cities in the number of people around whom you shouldn't make a sudden move. 		-- David Letterman 
item-588, Living your life is a task so difficult; it has never been attempted before. 
item-589, brain; n: 	The apparatus with which we think that we think. 		-- Ambrose Bierce; "The Devil's Dictionary" 
item-590, Remember; there's a big difference between kneeling down and bending over. 		-- Frank Zappa 
item-591, Data; n.: 	Computerspeak for "information".  Properly pronounced 	the way Bostonians pronounce the word for a female child. 
item-592, Insanity is considered a ground for divorce; though by the very same token it is the shortest detour to marriage. 		-- Wilson Mizner 
item-593, As of next Thursday; UNIX will be flushed in favor of TOPS-10. Please update your programs. 
item-594, MSDOS didn't get as bad as it is overnight -- it took over ten years of careful development. 		-- dmeggins@aix1.uottawa.ca 
item-595, Now I'm being INVOLUNTARILY shuffled closer to the CLAM DIP with the BROKEN PLASTIC FORKS in it!! 
item-596, We are not a clone. 
item-597, 	The judge fined the jaywalker fifty dollars and told him if he was caught again; he would be thrown in jail.  Fine today; cooler tomorrow. 
item-598, This is the tomorrow you worried about yesterday.  And now you know why. 
item-599, Humor in th Court: Q: Do you drink when you're on duty? A: I don't drink when I'm on duty; unless I come on duty drunk. 
item-600, Chess tonight. 
item-601, When it comes to helping you; some people stop at nothing. 
item-602, <|Rain|> with sane code; maybe I could figure out the renderer :) <LordHavoc> rain: I'd probably be the one writing the renderer <|Rain|> well; er; uh 
item-603, finlandia:~> apropos win win: nothing appropriate. 
item-604, Two wrongs are only the beginning. 		-- Kohn 
item-605, Government's Law: 	There is an exception to all laws. 
item-606, For every vision there is an equal and opposite revision. 
item-607, Adding manpower to a late software project makes it later. 		-- F. Brooks; "The Mythical Man-Month" 
item-608, Those who cannot remember the past are condemned to repeat it. 		-- George Santayana 
item-609, They are ill discoverers that think there is no land; when they can see nothing but sea. 		-- Francis Bacon 
item-610, rugged; adj.: 	Too heavy to lift. 
item-611, Love is sentimental measles. 
item-612, <miguel> any new sendmail hole I have to fix before going on vacations? 		-- Seen on #Linux 
item-613, Hanlon's Razor: 	Never attribute to malice that which is adequately explained 	by stupidity. 
item-614, Save energy: be apathetic. 
item-615, I'm also against BODY-SURFING!! 
item-616, 	A farmer with extremely prolific hens posted the following sign.  "Free Chickens.  Our Coop Runneth Over." 
item-617, A career is great; but you can't run your fingers through its hair. 
item-618, "The difference between genius and stupidity is that genius has it's limits." 		-- Albert Einstein 
item-619, According to my best recollection; I don't remember. 		-- Vincent "Jimmy Blue Eyes" Alo 
item-620, I've had to do with fifty murderers in my career; but the worst of them never gave me the repulsion which I have for this fellow. 
item-621, I got this powdered water -- now I don't know what to add. 		-- Steven Wright 
item-622, Gee; Toto; I don't think we're in Kansas anymore. 
item-623, Humor in the Court: Q: (Showing man picture.) That's you? A: Yes; sir. Q: And you were present when the picture was taken; right? 
item-624, You have acquired a scroll entitled 'irk gleknow mizk'(n).--More--  This is an IBM Manual scroll.--More--  You are permanently confused. 		-- Dave Decot 
item-625, Bones: "The man's DEAD; Jim!" 
item-626, Q: What's the big deal about rm; I have been deleting stuff for years?  And    never lost anything.. oops! A: ... 		-- From the Frequently Unasked Questions 
item-627, Blessed be those who initiate lively discussions with the hopelessly mute; for they shall be know as Dentists. 
item-628, Time is an illusion perpetrated by the manufacturers of space. 
item-629, I used to get high on life but lately I've built up a resistance. 
item-630, <Espy> you are baked <knghtbrd> Espy: only half so 
item-631, Prepare for tomorrow -- get ready. 		-- Edith Keeler; "The City On the Edge of Forever"; 		   stardate unknown 
item-632, There's so much to say but your eyes keep interrupting me. 
item-633, You are in a maze of little twisting passages; all alike. 
item-634, I think a relationship is like a shark.  It has to constantly move forward or it dies.  Well; what we have on our hands here is a dead shark. 		-- Woody Allen 
item-635, Colors may fade in time. 
item-636, Woman on Street:	Sir; you are drunk; very; very drunk. Winston Churchill:	Madame; you are ugly; very; very ugly. 			I shall be sober in the morning. 
item-637, Larkinson's Law: 	All laws are basically false. 
item-638, Statistics means never having to say you're certain. 
item-639, Prices higher in Alaska and Hawaii. 
item-640, "No matter where you go; there you are..." 		-- Buckaroo Banzai 
item-641, The Golden Rule is of no use to you whatever unless you realize it is your move. 		-- Frank Crane 
item-642, "If it's not loud; it doesn't work!" 		-- Blank Reg; from "Max Headroom" 
item-643, Don't stop to stomp ants when the elephants are stampeding. 
item-644, Don't try to outweird me; three-eyes.  I get stranger things than you free with my breakfast cereal. 		-- Zaphod Beeblebrox 
item-645, Call on God; but row away from the rocks. 		-- Indian proverb 
item-646, You can be replaced by this computer. 
item-647, "What if" is a trademark of Hewlett Packard; so stop using it in your sentences without permission; or risk being sued. 
item-648, Don't SANFORIZE me!! 
item-649, "For three days after death hair and fingernails continue to grow but phone calls taper off." 		-- Johnny Carson 
item-650, reintarnation: 	Coming back to life as a hillbilly. 
item-651, Reality always seems harsher in the early morning. 
item-652, Excuse me; but didn't I tell you there's NO HOPE for the survival of OFFSET PRINTING? 
item-653, The confusion of a staff member is measured by the length of his memos. 		-- New York Times; Jan. 20; 1981 
item-654, UNIX was not designed to stop you from doing stupid things; because that would also stop you from doing clever things. 		-- Doug Gwyn 
item-655, "There are some good people in it; but the orchestra as a whole is equivalent to a gang bent on destruction." 		-- John Cage; composer 
item-656, Domestic happiness and faithful friends. 
item-657, Woman was God's second mistake. 		-- Nietzsche 
item-658, Protect from light. 
item-659, 	"Do you believe in intuition?" 	"No; but I have a strange feeling that someday I will." 
item-660, System going down at 1:45 this afternoon for disk crashing. 
item-661, A tautology is a thing which is tautological. 
item-662, QOTD: 	The only easy way to tell a hamster from a gerbil is that the 	gerbil has more dark meat. 
item-663, QOTD: 	Flash!  Flash!  I love you! ...but we only have fourteen hours to 	save the earth! 
item-664, "Jesus saves...but Gretzky gets the rebound!" 		-- Daniel Hinojosa (hinojosa@hp-sdd) 
item-665, IOT trap -- core dumped 
item-666, You shouldn't have to pay for your love with your bones and your flesh. 		-- Pat Benatar; "Hell is for Children" 
item-667, The world needs more people like us and fewer like them. 
item-668, Conscience is what hurts when everything else feels so good. 
item-669, Approved for veterans. 
item-670, In Hollywood; all marriages are happy.  It's trying to live together afterwards that causes the problems. 		-- Shelley Winters 
item-671, Clay's Conclusion: 	Creativity is great; but plagiarism is faster. 
item-672, Distress; n.: 	A disease incurred by exposure to the prosperity of a friend. 		-- Ambrose Bierce; "The Devil's Dictionary" 
item-673, Porsche: there simply is no substitute. 		-- Risky Business 
item-674, Outside of a dog; a book is a man's best friend.  Inside a dog it's too dark to read. 		-- Groucho Marx 
item-675, Dyslexia means never having to say that you're ysror. 
item-676, perfect guest: 	One who makes his host feel at home. 
item-677, Support your local church or synagogue.  Worship at Bank of America. 
item-678, Give all orders verbally.  Never write anything down that might go into a "Pearl Harbor File". 
item-679, O; what a tangled web we weave; When first we practice to deceive. 		-- Sir Walter Scott; "Marmion" 
item-680, Small change can often be found under seat cushions. 		-- One of Lazarus Long's most penetrating insights 
item-681, Men use thought only to justify their wrong doings; and speech only to conceal their thoughts. 		-- Voltaire 
item-682, QOTD: 	The only easy way to tell a hamster from a gerbil is that the 	gerbil has more dark meat. 
item-683, Never argue with a woman when she's tired -- or rested. 
item-684, A box without hinges; key; or lid; Yet golden treasure inside is hid. 		-- J. R. R. Tolkien 
item-685, May you do Good Magic with Perl. 		-- Larry Wall's blessing 
item-686, An atom-blaster is a good weapon; but it can point both ways. 		-- Isaac Asimov 
item-687, The only time a dog gets complimented is when he doesn't do anything. 		-- C. Schulz 
item-688, Always wear your seat belt. 
item-689, Genuine happiness is when a wife sees a double chin on her husband's old girl friend. 
item-690, "Why should we subsidize intellectual curiosity?" 		-- Ronald Reagan 
item-691, The price of success in philosophy is triviality. 		-- C. Glymour. 
item-692, "Once they go up; who cares where they come down?  That's not my department." 		-- Werner von Braun 
item-693, So you think that money is the root of all evil.  Have you ever asked what is the root of money? 		-- Ayn Rand 
item-694, Don't worry -- the brontosaurus is slow; stupid; and placid. 
item-695, Oh; that sound of male ego.  You travel halfway across the galaxy and it's still the same song. 		-- Eve McHuron; "Mudd's Women"; stardate 1330.1 
item-696, Money and women are the most sought after and the least known of any two things we have. 		-- The Best of Will Rogers 
item-697, It is annoying to be honest to no purpose. 		-- Publius Ovidius Naso (Ovid) 
item-698, If bankers can count; how come they have eight windows and only four tellers? 
item-699, As he had feared; his orders had been forgotten and everyone had brought the potato salad. 
item-700, I wish there was a knob on the TV to turn up the intelligence.  There's a knob called "brightness"; but it doesn't seem to work. 		-- Gallagher 
item-701, My little brother got this fortune: 	nohup rm -fr /& So he did... 
item-702, HOLY MACRO! 
item-703, Star Trek Lives! 
item-704, Ambition is a poor excuse for not having sense enough to be lazy. 		-- Charlie McCarthy 
item-705, A continuing flow of paper is sufficient to continue the flow of paper. 		-- Dyer 
item-706, Any programming language is at its best before it is implemented and used. 
item-707, It's not Camelot; but it's not Cleveland; either. 		-- Kevin White; Mayor of Boston 
item-708, It gets late early out there. 		-- Yogi Berra 
item-709, His heart was yours from the first moment that you met. 
item-710, "Silent gratitude isn't very much use to anyone." 		-- G. B. Stearn 
item-711, lp1 on fire 		-- One of the more obfuscated kernel messages 
item-712, Q:	What do Winnie the Pooh and John the Baptist have in common? A:	The same middle name. 
item-713, May you have warm words on a cold evening; a full mooon on a dark night; and a smooth road all the way to your door. 
item-714, Deliberation; n.: 	The act of examining one's bread to determine which side it is 	buttered on. 		-- Ambrose Bierce; "The Devil's Dictionary" 
item-715, The trouble with some women is that they get all excited about nothing -- and then marry him. 		-- Cher 
item-716, The chicken that clucks the loudest is the one most likely to show up at the steam fitters' picnic. 
item-717, God created woman.  And boredom did indeed cease from that moment -- but many other things ceased as well.  Woman was God's second mistake. 		-- Nietzsche 
item-718, When the wind is great; bow before it; when the wind is heavy; yield to it. 
item-719, I've no idea when Linus is going to release 2.0.24; but if he takes too long Im going to release a 2.0.24unoff and he can sound off all he likes. 		-- Alan Cox 
item-720, It seems like the less a statesman amounts to; the more he loves the flag. 
item-721, Age before beauty; and pearls before swine. 		-- Dorothy Parker 
item-722, Hanging on in quiet desperation is the English way. 		-- Pink Floyd 
item-723, April 1  This is the day upon which we are reminded of what we are on the other three hundred and sixty-four. 		-- Mark Twain; "Pudd'nhead Wilson's Calendar" 
item-724, Life is not for everyone. 
item-725, I never pray before meals -- my mom's a good cook. 
item-726, "Ignorance is the soil in which belief in miracles grows." 		-- Robert G. Ingersoll 
item-727, The race is not always to the swift; nor the battle to the strong; but that's the way to bet. 		-- Damon Runyon 
item-728, Bore; n.: 	A person who talks when you wish him to listen. 		-- Ambrose Bierce; "The Devil's Dictionary" 
item-729, It takes a special kind of courage to face what we all have to face. 
item-730, Look out!  Behind you! 
item-731, <Xavvy> is that really knghtbrd? <Knghtbrd> No; I'm an EVIL IMPOSTOR! <Knghtbrd> An evil impostor who LIKES HYBRID! <Xavvy> haha <Xavvy> ok; it's him :P 
item-732, A conference is a gathering of important people who singly can do nothing but together can decide that nothing can be done. 		-- Fred Allen 
item-733, "I believe that Ronald Reagan will someday make this  country what it once was... an arctic wilderness." 		-- Steve Martin 
item-734, Try to have as good a life as you can under the circumstances. 
item-735, Sure he's sharp as a razor ... he's a two-dimensional pinhead! 
item-736, The way of the world is to praise dead saints and prosecute live ones. 		-- Nathaniel Howe 
item-737, It is far more impressive when others discover your good qualities without your help. 		-- Miss Manners 
item-738, It is a question of cubic capacity. A man with so large a brain must have something in it. 
item-739, The finest eloquence is that which gets things done. 
item-740, "Those who do not do politics will be done in by politics." 		-- French Proverb 
item-741, "You're just the sort of person I imagined marrying; when I was little... except; y'know; not green... and without all the patches of fungus." 		-- Swamp Thing 
item-742, A fool and your money are soon partners. 
item-743, Learn from other people's mistakes; you don't have time to make your own. 
item-744, Love makes the world go 'round; with a little help from intrinsic angular momentum. 
item-745, What passes for optimism is most often the effect of an intellectual error. 		-- Raymond Aron; "The Opium of the Intellectuals" 
item-746, Serfs up! 		-- Spartacus 
item-747, Always look over your shoulder because everyone is watching and plotting against you. 
item-748, IBM: 	It may be slow; but it's hard to use. 
item-749, A watched clock never boils. 
item-750, 	"Do you think there's a God?" 	"Well; ____SOMEbody's out to get me!" 		-- Calvin and Hobbs 
item-751, Have you ever noticed that the people who are always trying to tell you `there's a time for work and a time for play' never find the time for play? 
item-752, Beam me up; Scotty; there's no intelligent life down here! 
item-753, Joe's sister puts spaghetti in her shoes! 
item-754, There are two major products that come out of Berkeley: LSD and UNIX. We don't believe this to be a coincidence. 		-- Jeremy S. Anderson 
item-755, We'll be recording at the Paradise Friday night.  Live; on the Death label. 		-- Swan; "Phantom of the Paradise" 
item-756, Real Programs don't use shared text.  Otherwise; how can they use functions for scratch space after they are finished calling them? 
item-757, Census Taker to Housewife: Did you ever have the measles; and; if so; how many? 
item-758, Auribus teneo lupum. 	[I hold a wolf by the ears.] 	[Boy; it *sounds* good.  But what does it *mean*?] 
item-759, The use of money is all the advantage there is to having money. 		-- B. Franklin 
item-760, One of the worst of my many faults is that I'm too critical of myself. 
item-761, Actually; typing random strings in the Finder does the equivalent of filename completion. 		-- Discussion on file completion vs. the Mac Finder 
item-762, Millions long for immortality who do not know what to do with themselves on a rainy Sunday afternoon. 		-- Susan Ertz 
item-763, Ginger snap. 
item-764, The primary requisite for any new tax law is for it to exempt enough voters to win the next election. 
item-765, work; n.: 	The blessed respite from screaming kids and 	soap operas for which you actually get paid. 
item-766, "How many teamsters does it take to screw in a light bulb?"    "FIFTEEN!!  YOU GOT A PROBLEM WITH THAT?" 
item-767, Either CONFESS now or we go to "PEOPLE'S COURT"!! 
item-768, No; that's wrong too.  Now there's a race condition between the rm and the mv.  Hmm; I need more coffee. 		-- Guy Maor on Debian Bug#25228 
item-769, "Consistency requires you to be as ignorant today as you were a year ago." 		-- Bernard Berenson 
item-770, My doctorate's in Literature; but it seems like a pretty good pulse to me. 
item-771, "I'm willing to sacrifice anything for this cause; even other people's lives." 
item-772, Genius may have its limitations; but stupidity is not thus handicapped. 		-- Elbert Hubbard 
item-773, Sleep is for the weak and sickly. 
item-774, <Knghtbrd> xtifr - beware of james when he's off his medication  => 
item-775, To criticize the incompetent is easy; it is more difficult to criticize the competent. 
item-776,   No one goes to that restaurant anymore-it's always too crowded.   (attributed to Yogi Berra) 
item-777, As in certain cults it is possible to kill a process if you know its true name. 		-- Ken Thompson and Dennis M. Ritchie 
item-778, When a person goes on a diet; the first thing he loses is his temper. 
item-779, A lost ounce of gold may be found; a lost moment of time never. 
item-780, Television is now so desperately hungry for material that it is scraping the top of the barrel. 		-- Gore Vidal 
item-781, I knew one thing: as soon as anyone said you didn't need a gun; you'd better take one along that worked. 		-- Raymond Chandler 
item-782, Nobody said computers were going to be polite. 
item-783, Custer committed Siouxicide. 
item-784, The worst cliques are those which consist of one man. 		-- G. B. Shaw 
item-785, Never drink from your finger bowl -- it contains only water. 
item-786, Time goes; you say? Ah no! Time stays; *we* go. 		-- Austin Dobson 
item-787, Nothing is ever a total loss; it can always serve as a bad example. 
item-788, In the war of wits; he's unarmed. 
item-789, A pat on the back is only a few centimeters from a kick in the pants. 
item-790, Wishing without work is like fishing without bait. 		-- Frank Tyger 
item-791, No problem is insoluble. 		-- Dr. Janet Wallace; "The Deadly Years"; stardate 3479.4 
item-792, Gravity brings me down. 
item-793, If the thunder don't get you; then the lightning will. 
item-794, Give them RADAR-GUIDED SKEE-BALL LANES and VELVEETA BURRITOS!! 
item-795, Don't speak about Time; until you have spoken to him. 
item-796, The IBM purchase of ROLM gives new meaning to the term "twisted pair". 		-- Howard Anderson; "Yankee Group" 
item-797, "I'm not a god; I was misquoted." 		-- Lister; Red Dwarf 
item-798, To stay youthful; stay useful. 
item-799, All articles that coruscate with resplendence are not truly auriferous. 
item-800, But; for my own part; it was Greek to me. 		-- William Shakespeare; "Julius Caesar" 
item-801, Whether weary or unweary; O man; do not rest; Do not cease your single-handed struggle. Go on; do not rest. 		-- An old Gujarati hymn 
item-802, A fox is a wolf who sends flowers. 		-- Ruth Weston 
item-803, To err is human -- to blame it on a computer is even more so. 
item-804, Your own mileage may vary. 
item-805, It matters not whether you win or lose; what matters is whether II win or lose. 		-- Darrin Weinberg 
item-806, Opportunities are usually disguised as hard work; so most people don't recognize them. 
item-807, NEWARK has been REZONED!!  DES MOINES has been REZONED!! 
item-808, Gilbert's Discovery: 	Any attempt to use the new super glues results in the two pieces 	sticking to your thumb and index finger rather than to each other. 
item-809, A diplomat is man who always remembers a woman's birthday but never her age. 		-- Robert Frost 
item-810, Good advice is one of those insults that ought to be forgiven. 
item-811, The covers of this book are too far apart. 		-- Book review by Ambrose Bierce. 
item-812, Our country has plenty of good five-cent cigars; but the trouble is they charge fifteen cents for them. 
item-813, War is never imperative. 		-- McCoy; "Balance of Terror"; stardate 1709.2 
item-814, ## Signoff: insurgent (razzin' frazzin' motherfu... stupid directx...) 
item-815, This case deserves to be a classic. 
item-816, modesty; n.: 	Being comfortable that others will discover your greatness. 
item-817, Turn the other cheek. 		-- Jesus Christ 
item-818, Nobody really knows what happiness is; until they're married. And then it's too late. 
item-819, Why do we have two eyes?  To watch 3-D movies with. 
item-820, It's never too late to have a happy childhood. 
item-821, Putt's Law: 	Technology is dominated by two types of people: 		Those who understand what they do not manage. 		Those who manage what they do not understand. 
item-822, People need good lies.  There are too many bad ones. 		-- Bokonon; "Cat's Cradle" by Kurt Vonnegut; Jr. 
item-823, The optimist thinks that this is the best of all possible worlds; and the pessimist knows it. 		-- J. Robert Oppenheimer; "Bulletin of Atomic Scientists" 
item-824, The young lady had an unusual list; Linked in part to a structural weakness. She set no preconditions. 
item-825, Who goeth a-borrowing goeth a-sorrowing. 		-- Thomas Tusser 
item-826, There must be at least 500;000;000 rats in the United States; of course; I never heard the story before. 
item-827, Dear Lord: 	I just want *___one* one-armed manager so I never have to hear "On the other hand"; again. 
item-828, We have met the enemy; and he is us. 		-- Walt Kelly 
item-829, "Seed me; Seymour" 		-- a random number generator meets the big green mother from outer space 
item-830, I don't even butter my bread.  I consider that cooking. 		-- Katherine Cebrian 
item-831, YOW!!  Everybody out of the GENETIC POOL! 
item-832, It seems intuitively obvious to me; which means that it might be wrong. 		-- Chris Torek 
item-833, I can write better than anybody who can write faster; and I can write faster than anybody who can write better. 		-- A. J. Liebling 
item-834, Humor in the Court: Q.  And lastly; Gary; all your responses must be oral.  O.K.? What school do     you go to? A.  Oral. Q.  How old are you? A.  Oral. 
item-835, So many beautiful women and so little time. 		-- John Barrymore 
item-836, Pascal: 	A programming language named after a man who would turn over 	in his grave if he knew about it. 		-- Datamation; January 15; 1984 
item-837, Dull women have immaculate homes. 
item-838, The world is full of people who have never; since childhood; met an open doorway with an open mind. 		-- E. B. White 
item-839, Someday somebody has got to decide whether the typewriter is the machine; or the person who operates it. 
item-840, If I'm over the hill; why is it I don't recall ever being on top? 		-- Jerry Muscha 
item-841, The end move in politics is always to pick up a gun. 		-- Buckminster Fuller 
item-842, The ultimate game show will be the one where somebody gets killed at the end. 		-- Chuck Barris; creator of "The Gong Show" 
item-843, Experience is what causes a person to make new mistakes instead of old ones. 
item-844, Armstrong's Collection Law: 	If the check is truly in the mail; 	it is surely made out to someone else. 
item-845, Join the march to save individuality! 
item-846, "No job too big; no fee too big!" 		-- Dr. Peter Venkman; "Ghost-busters" 
item-847, Computers are unreliable; but humans are even more unreliable. Any system which depends on human reliability is unreliable. 		-- Gilb 
item-848, What UNIVERSE is this; please?? 
item-849, Women treat us just as humanity treats its gods.  They worship us and are always bothering us to do something for them. 		-- Oscar Wilde 
item-850, Backward conditioning: 	Putting saliva in a dog's mouth in an attempt to make a bell ring. 
item-851, I will not say that women have no character; rather; they have a new one every day. 		-- Heine 
item-852, Man is by nature a political animal. 		-- Aristotle 
item-853, There are a lot of lies going around.... and half of them are true. 		-- Winston Churchill 
item-854, Being overloaded is the sign of a true Debian maintainer. 		-- JHM on #Debian 
item-855, Many husbands go broke on the money their wives save on sales. 
item-856, Be not anxious about what you have; but about what you are. 		-- Pope St. Gregory I 
item-857, Do you like "TENDER VITTLES"? 
item-858, The world is coming to an end!  Repent and return those library books! 
item-859, Nobody knows what goes between his cold toes and his warm ears. 		-- Roy Harper 
item-860, To laugh at men of sense is the privilege of fools. 
item-861, "It ain't over until it's over." 		-- Casey Stengel 
item-862, Deflector shields just came on; Captain. 
item-863, If I have to lay an egg for my country; I'll do it. 		-- Bob Hope 
item-864, I want to kill everyone here with a cute colorful Hydrogen Bomb!! 
item-865, God save us from a bad neighbor and a beginner on the fiddle. 
item-866, Tcl tends to get ported to weird places like routers. 		-- Larry Wall in <199710071721.KAA19014@wall.org> 
item-867, The honeymoon is not actually over until we cease to stifle our sighs and begin to stifle our yawns. 		-- Helen Rowland 
item-868, <|ryan|> I don't use deb <netgod> u poor man <Disconnect> netgod: heh <Kingsqueak> apt-get install task-p0rn 
item-869, I'd give my right arm to be ambidextrous. 
item-870, Flugg's Law: 	When you need to knock on wood is when you realize 	that the world is composed of vinyl; naugahyde and aluminum. 
item-871, Living in the complex world of the future is somewhat like having bees live in your head.  But; there they are. 
item-872, Mausoleum:  The final and funniest folly of the rich. 		-- Ambrose Bierce 
item-873, Live free or die. 
item-874, fortune: cpu time/usefulness ratio too high -- core dumped. 
item-875, The way to a man's heart is through the left ventricle. 
item-876, Just go ahead and write your own multitasking multiuser os! Worked for me all the times. 		-- Linus Torvalds 
item-877, This MUST be a good party -- My RIB CAGE is being painfully pressed up against someone's MARTINI!! 
item-878, The early worm gets the late bird. 
item-879, A man in love is incomplete until he is married.  Then he is finished. 		-- Zsa Zsa Gabor; "Newsweek" 
item-880, Someone on IRC was very sad about the uptime of his machine wrapping from 497 days to 0. 		-- linux-kernel 
item-881, QOTD: 	"Everything I am today I owe to people; whom it is now 	to late to punish." 
item-882, Go placidly amid the noise and waste; and remember what value there may be in owning a piece thereof. 		-- National Lampoon; "Deteriorata" 
item-883, How can you have any pudding if you don't eat your meat? 		-- Pink Floyd 
item-884, [Crash programs] fail because they are based on the theory that; with nine women pregnant; you can get a baby a month. 		-- Wernher von Braun 
item-885, We'll be recording at the Paradise Friday night.  Live; on the Death label. 		-- Swan; "Phantom of the Paradise" 
item-886, ... and furthermore ... I don't like your trousers. 
item-887, My correspondence has certainly the charm of variety; and the humbler are usually the more interesting. 
item-888, Deliver yesterday; code today; think tomorrow. 
item-889, One of the worst of my many faults is that I'm too critical of myself. 
item-890, "Well; if you can't believe what you read in a comic book; what *___can* you believe?!" 		-- Bullwinkle J. Moose [Jay Ward] 
item-891, "An ounce of prevention is worth a pound of purge." 
item-892, There *__is* intelligent life on Earth; but I leave for Texas on Monday. 
item-893, Look at it this way: Your wife's spending $280 a month on meditation lessons to forget $26;000 of college education. And you're still drinking ordinary scotch? 
item-894, He keeps differentiating; flying off on a tangent. 
item-895, A couch is as good as a chair. 
item-896, Fortune and love befriend the bold. 		-- Ovid 
item-897, Hanson's Treatment of Time: 	There are never enough hours in a day; but always too many days 	before Saturday. 
item-898, byob; v: 	Believing Your Own Bull 
item-899, Confidant; confidante; n: 	One entrusted by A with the secrets of B; confided to himself by C. 		-- Ambrose Bierce; "The Devil's Dictionary" 
item-900, Time goes; you say? Ah no! Time stays; *we* go. 		-- Austin Dobson 
item-901, The moon is a planet just like the Earth; only it is even deader. 
item-902, The more cordial the buyer's secretary; the greater the odds that the competition already has the order. 
item-903, "The National Association of Theater Concessionaires reported that in 1986; 60% of all candy sold in movie theaters was sold to Roger Ebert." 		-- D. Letterman 
item-904, purpitation; n.: 	To take something off the grocery shelf; decide you 	don't want it; and then put it in another section. 		-- "Sniglets"; Rich Hall & Friends 
item-905, The curse of the Irish is not that they don't know the words to a song -- it's that they know them *___all*. 		-- Susan Dooley 
item-906, Never let someone who says it cannot be done interrupt the person who is doing it. 
item-907, It is all right to hold a conversation; but you should let go of it now and then. 		-- Richard Armour 
item-908, My father was a saint; I'm not. 		-- Indira Gandhi 
item-909, QOTD: 	"I thought I saw a unicorn on the way over; but it was just a 	horse with one of the horns broken off." 
item-910, Everything will be just tickety-boo today. 
item-911, Iowa State -- the high school after high school! 		-- Crow T. Robot 
item-912, "Don't think; let the machine do it for you!" 		-- E. C. Berkeley 
item-913, What about WRITING it first and rationalizing it afterwords?  :-) 		-- Larry Wall in <8162@jpl-devvax.JPL.NASA.GOV> 
item-914, When a fellow says; "It ain't the money but the principle of the thing;" it's the money. 		-- Kim Hubbard 
item-915, "How many teamsters does it take to screw in a light bulb?"    "FIFTEEN!!  YOU GOT A PROBLEM WITH THAT?" 
item-916, Do not drink coffee in early A.M.  It will keep you awake until noon. 
item-917, Money may buy friendship but money cannot buy love. 
item-918, You can't kiss a girl unexpectedly -- only sooner than she thought you would. 
item-919, Dogs just don't seem to be able to tell the difference between important people and the rest of us. 
item-920, No directory. 
item-921, Harrisberger's Fourth Law of the Lab: 	Experience is directly proportional to the amount of equipment ruined. 
item-922, Suddenly; Professor Liebowitz realizes he has come to the seminar without his duck ... 
item-923, HELP!!!! I'm being held prisoner in /usr/games/lib! 
item-924, You will pay for your sins.  If you have already paid; please disregard this message. 
item-925, Never raise your hand to your children -- it leaves your midsection unprotected. 		-- Robert Orben 
item-926, Reserve your abuse for your true friends. 		-- Larry Wall in <199712041852.KAA19364@wall.org> 
item-927, Lockwood's Long Shot: 	The chances of getting eaten up by a lion on Main Street 	aren't one in a million; but once would be enough. 
item-928, C for yourself. 
item-929, Business is a good game -- lots of competition and minimum of rules. You keep score with money. 		-- Nolan Bushnell; founder of Atari 
item-930, Don't kiss an elephant on the lips today. 
item-931, Actresses will happen in the best regulated families. 		-- Addison Mizner and Oliver Herford; "The Entirely 		New Cynic's Calendar"; 1905 
item-932, <Silvrbear> Oxymorons?  I saw one yesterday - the pamphlet on "Taco Bell             Nutritional Information" 
item-933, There has been an alarming increase in the number of things you know nothing about. 
item-934, You've always made the mistake of being yourself. 		-- Eugene Ionesco 
item-935, When a lion meets another with a louder roar; the first lion thinks the last a bore. 		-- G. B. Shaw 
item-936, Pauca sed matura. 	[Few but excellent.] 		-- Gauss 
item-937, Show your affection; which will probably meet with pleasant response. 
item-938, When a float occurs on the same page as the start of a supertabular you can expect unexpected results. 		-- Documentation of supertabular.sty 
item-939, Take care of the luxuries and the necessities will take care of themselves. 		-- Lazarus Long 
item-940, Women aren't as mere as they used to be. 		-- Pogo 
item-941, Wonderful day.  Your hangover just makes it seem terrible. 
item-942, Talk sense to a fool and he calls you foolish. 		-- Euripides 
item-943, You single-handedly fought your way into this hopeless mess. 
item-944, I don't wanna argue; and I don't wanna fight; But there will definitely be a party tonight... 
item-945, Common sense is instinct; and enough of it is genius. 		-- Josh Billings 
item-946, <liw> damn; the autonomous mouse movement starts usually after I use a       mouse button <wichert> don't use a mouse button then :) <liw> yeah; right :) 
item-947, Spock: The odds of surviving another attack are 13562190123 to 1; Captain. 
item-948, Distance doesn't make you any smaller; but it does make you part of a larger picture. 
item-949, Savage's Law of Expediency: 	You want it bad; you'll get it bad. 
item-950, Ask yourself whether you are happy and you cease to be so. 		-- John Stuart Mill 
item-951, All life evolves by the differential survival of replicating entities. 		-- Dawkins 
item-952, A woman forgives the audacity of which her beauty has prompted us to be guilty. 		-- LeSage 
item-953, I was born in a Hostess Cupcake factory before the sexual revolution! 
item-954, Santa's elves are just a bunch of subordinate Clauses. 
item-955, Are you mentally here at Pizza Hut?? 
item-956, If a thing's worth having; it's worth cheating for. 		-- W. C. Fields 
item-957, Inside; I'm already SOBBING! 
item-958, If you lose a son you can always get another; but there's only one Maltese Falcon. 		-- Sidney Greenstreet; "The Maltese Falcon" 
item-959, If you don't have a nasty obituary you probably didn't matter. 		-- Freeman Dyson 
item-960, I think you're letting your knowledge of internals interfere with your linguistic judgement here. 		-- Larry Wall in <199711011949.LAA25651@wall.org> 
item-961, Life is like a diaper -- short and loaded. 
item-962, "Is it really you; Fuzz; or is it Memorex; or is it radiation sickness?" 		-- Sonic Disruptors comics 
item-963, Z.O.I.D.: Zombie Optimized for Infiltration and Destruction 
item-964, Time sure flies when you don't know what you're doing. 
item-965, I was playing poker the other night... with Tarot cards. I got a full house and 4 people died. 		-- Steven Wright 
item-966, Thus spake the master programmer: 	"Time for you to leave." 		-- Geoffrey James; "The Tao of Programming" 
item-967, I have the simplest tastes.  I am always satisfied with the best. 		-- Oscar Wilde 
item-968, "Well I don't see why I have to make one man miserable when I can make so many men happy." 		-- Ellyn Mustard; about marriage 
item-969, Think of prototypes as a funny markup language--the interpretation is left up to the rendering engine. 		-- Larry Wall in <199710221710.KAA24242@wall.org> 
item-970, The part of the world that people find most puzzling is the part called "Me". 
item-971, I read Playboy for the same reason I read National Geographic.  To see the sights I'm never going to visit. 
item-972, Tact; n.: 	The unsaid part of what you're thinking. 
item-973, Absence diminishes mediocre passions and increases great ones; as the wind blows out candles and fans fires. 		-- La Rochefoucauld 
item-974, 	"That unit is a woman." 	"A mass of conflicting impulses." 		-- Spock and Nomad; "The Changeling"; stardate 3541.9 
item-975, Insomnia isn't anything to lose sleep over. 
item-976, If you marry a man who cheats on his wife; you'll be married to a man who cheats on his wife. 		-- Ann Landers 
item-977, Punishment becomes ineffective after a certain point.  Men become insensitive. 		-- Eneg; "Patterns of Force"; stardate 2534.7 
item-978, All people are born alike -- except Republicans and Democrats. 		-- Groucho Marx 
item-979, Democracy is a form of government in which it is permitted to wonder aloud what the country could do under first-class management. 		-- Senator Soaper 
item-980, Your computer account is overdrawn.  Please reauthorize. 
item-981, Blessed be those who initiate lively discussions with the hopelessly mute; for they shall be know as Dentists. 
item-982, There is no cure for birth and death other than to enjoy the interval. 		-- George Santayana 
item-983, The Englishman is a patient creature; but at present his temper is a little inflamed and it would be as well not to try him too far. 
item-984, When does later become never? 
item-985, Every morning is a Smirnoff morning. 
item-986, No one wants war. 		-- Kirk; "Errand of Mercy"; stardate 3201.7 
item-987, If you can't say anything good about someone; sit right here by me. 		-- Alice Roosevelt Longworth 
item-988, I fear explanations explanatory of things explained. 
item-989, Run down; my dear fellow; and open the door; for all virtuous folk have been long in bed. 
item-990, Reisner's Rule of Conceptual Inertia: 	If you think big enough; you'll never have to do it. 
item-991, No matter how subtle the wizard; a knife in the shoulder blades will seriously cramp his style. 
item-992, Hodie natus est radici frater.  [ Unto the root is born a brother ] 
item-993, Do not count your chickens before they are hatched. 		-- Aesop 
item-994, <wichert> 8am is an ungoldly hour to be awake :) * gorgo usually gets up at 11am 
item-995, A sadist is a masochist who follows the Golden Rule. 
item-996, Trying to get an education here is like trying to get a drink from a fire hose. 
item-997, Nothing ever becomes real till it is experienced -- even a proverb is no proverb to you till your life has illustrated it.  -- John Keats 
item-998, I'm changing the CHANNEL ... But all I get is commercials for "RONCO MIRACLE BAMBOO STEAMERS"! 
item-999, I have the simplest tastes.  I am always satisfied with the best. 		-- Oscar Wilde 
item-1000, A handful of friends is worth more than a wagon of gold. 
